NO,LOWER,UPPER,,SIZE,,,,
1,14990,15000,,-1499,-0.1220,-1829.0000,330.0000,-1499.00
2,14980,14990,,-1498,-0.1220,-1827.0000,329.0000,-1498.00
3,14970,14980,,-1497,-0.1219,-1825.0000,328.0000,-1497.00
4,14960,14970,,-1496,-0.1219,-1823.0000,327.0000,-1496.00
5,14950,14960,,-1495,-0.1218,-1821.0000,326.0000,-1495.00
6,14940,14950,,-1494,-0.1218,-1819.0000,325.0000,-1494.00
7,14930,14940,,-1493,-0.1217,-1817.0000,324.0000,-1493.00
8,14920,14930,,-1492,-0.1216,-1815.0000,323.0000,-1492.00
9,14910,14920,,-1491,-0.1216,-1813.0000,322.0000,-1491.00
10,14900,14910,,-1490,-0.1215,-1811.0000,321.0000,-1490.00
11,14890,14900,,-1489,-0.1215,-1809.0000,320.0000,-1489.00
12,14880,14890,,-1488,-0.1214,-1807.0000,319.0000,-1488.00
13,14870,14880,,-1487,-0.1214,-1805.0000,318.0000,-1487.00
14,14860,14870,,-1486,-0.1213,-1803.0000,317.0000,-1486.00
15,14850,14860,,-1485,-0.1213,-1801.0000,316.0000,-1485.00
16,14840,14850,,-1484,-0.1212,-1799.0000,315.0000,-1484.00
17,14830,14840,,-1483,-0.1212,-1797.0000,314.0000,-1483.00
18,14820,14830,,-1482,-0.1211,-1795.0000,313.0000,-1482.00
19,14810,14820,,-1481,-0.1211,-1793.0000,312.0000,-1481.00
20,14800,14810,,-1480,-0.1210,-1791.0000,311.0000,-1480.00
21,14790,14800,,-1479,-0.1210,-1789.0000,310.0000,-1479.00
22,14780,14790,,-1478,-0.1209,-1787.0000,309.0000,-1478.00
23,14770,14780,,-1477,-0.1209,-1785.0000,308.0000,-1477.00
24,14760,14770,,-1476,-0.1208,-1783.0000,307.0000,-1476.00
25,14750,14760,,-1475,-0.1207,-1781.0000,306.0000,-1475.00
26,14740,14750,,-1474,-0.1207,-1779.0000,305.0000,-1474.00
27,14730,14740,,-1473,-0.1206,-1777.0000,304.0000,-1473.00
28,14720,14730,,-1472,-0.1206,-1775.0000,303.0000,-1472.00
29,14710,14720,,-1471,-0.1205,-1773.0000,302.0000,-1471.00
30,14700,14710,,-1470,-0.1205,-1771.0000,301.0000,-1470.00
31,14690,14700,,-1469,-0.1204,-1769.0000,300.0000,-1469.00
32,14680,14690,,-1468,-0.1204,-1767.0000,299.0000,-1468.00
33,14670,14680,,-1467,-0.1203,-1765.0000,298.0000,-1467.00
34,14660,14670,,-1466,-0.1203,-1763.0000,297.0000,-1466.00
35,14650,14660,,-1465,-0.1202,-1761.0000,296.0000,-1465.00
36,14640,14650,,-1464,-0.1202,-1759.0000,295.0000,-1464.00
37,14630,14640,,-1463,-0.1201,-1757.0000,294.0000,-1463.00
38,14620,14630,,-1462,-0.1200,-1755.0000,293.0000,-1462.00
39,14610,14620,,-1461,-0.1200,-1753.0000,292.0000,-1461.00
40,14600,14610,,-1460,-0.1199,-1751.0000,291.0000,-1460.00
41,14590,14600,,-1459,-0.1199,-1749.0000,290.0000,-1459.00
42,14580,14590,,-1458,-0.1198,-1747.0000,289.0000,-1458.00
43,14570,14580,,-1457,-0.1198,-1745.0000,288.0000,-1457.00
44,14560,14570,,-1456,-0.1197,-1743.0000,287.0000,-1456.00
45,14550,14560,,-1455,-0.1197,-1741.0000,286.0000,-1455.00
46,14540,14550,,-1454,-0.1196,-1739.0000,285.0000,-1454.00
47,14530,14540,,-1453,-0.1195,-1737.0000,284.0000,-1453.00
48,14520,14530,,-1452,-0.1195,-1735.0000,283.0000,-1452.00
49,14510,14520,,-1451,-0.1194,-1733.0000,282.0000,-1451.00
50,14500,14510,,-1450,-0.1194,-1731.0000,281.0000,-1450.00
51,14490,14500,,-1449,-0.1193,-1729.0000,280.0000,-1449.00
52,14480,14490,,-1448,-0.1193,-1727.0000,279.0000,-1448.00
53,14470,14480,,-1447,-0.1192,-1725.0000,278.0000,-1447.00
54,14460,14470,,-1446,-0.1192,-1723.0000,277.0000,-1446.00
55,14450,14460,,-1445,-0.1191,-1721.0000,276.0000,-1445.00
56,14440,14450,,-1444,-0.1190,-1719.0000,275.0000,-1444.00
57,14430,14440,,-1443,-0.1190,-1717.0000,274.0000,-1443.00
58,14420,14430,,-1442,-0.1189,-1715.0000,273.0000,-1442.00
59,14410,14420,,-1441,-0.1189,-1713.0000,272.0000,-1441.00
60,14400,14410,,-1440,-0.1188,-1711.0000,271.0000,-1440.00
61,14390,14400,,-1439,-0.1188,-1709.0000,270.0000,-1439.00
62,14380,14390,,-1438,-0.1187,-1707.0000,269.0000,-1438.00
63,14370,14380,,-1437,-0.1186,-1705.0000,268.0000,-1437.00
64,14360,14370,,-1436,-0.1186,-1703.0000,267.0000,-1436.00
65,14350,14360,,-1435,-0.1185,-1701.0000,266.0000,-1435.00
66,14340,14350,,-1434,-0.1185,-1699.0000,265.0000,-1434.00
67,14330,14340,,-1433,-0.1184,-1697.0000,264.0000,-1433.00
68,14320,14330,,-1432,-0.1184,-1695.0000,263.0000,-1432.00
69,14310,14320,,-1431,-0.1183,-1693.0000,262.0000,-1431.00
70,14300,14310,,-1430,-0.1183,-1691.0000,261.0000,-1430.00
71,14290,14300,,-1429,-0.1182,-1689.0000,260.0000,-1429.00
72,14280,14290,,-1428,-0.1181,-1687.0000,259.0000,-1428.00
73,14270,14280,,-1427,-0.1181,-1685.0000,258.0000,-1427.00
74,14260,14270,,-1426,-0.1180,-1683.0000,257.0000,-1426.00
75,14250,14260,,-1425,-0.1180,-1681.0000,256.0000,-1425.00
76,14240,14250,,-1424,-0.1179,-1679.0000,255.0000,-1424.00
77,14230,14240,,-1423,-0.1178,-1677.0000,254.0000,-1423.00
78,14220,14230,,-1422,-0.1178,-1675.0000,253.0000,-1422.00
79,14210,14220,,-1421,-0.1177,-1673.0000,252.0000,-1421.00
80,14200,14210,,-1420,-0.1177,-1671.0000,251.0000,-1420.00
81,14190,14200,,-1419,-0.1176,-1669.0000,250.0000,-1419.00
82,14180,14190,,-1418,-0.1176,-1667.0000,249.0000,-1418.00
83,14170,14180,,-1417,-0.1175,-1665.0000,248.0000,-1417.00
84,14160,14170,,-1416,-0.1174,-1663.0000,247.0000,-1416.00
85,14150,14160,,-1415,-0.1174,-1661.0000,246.0000,-1415.00
86,14140,14150,,-1414,-0.1173,-1659.0000,245.0000,-1414.00
87,14130,14140,,-1413,-0.1173,-1657.0000,244.0000,-1413.00
88,14120,14130,,-1412,-0.1172,-1655.0000,243.0000,-1412.00
89,14110,14120,,-1411,-0.1172,-1653.0000,242.0000,-1411.00
90,14100,14110,,-1410,-0.1171,-1651.0000,241.0000,-1410.00
91,14090,14100,,-1409,-0.1170,-1649.0000,240.0000,-1409.00
92,14080,14090,,-1408,-0.1170,-1647.0000,239.0000,-1408.00
93,14070,14080,,-1407,-0.1169,-1645.0000,238.0000,-1407.00
94,14060,14070,,-1406,-0.1169,-1643.0000,237.0000,-1406.00
95,14050,14060,,-1405,-0.1168,-1641.0000,236.0000,-1405.00
96,14040,14050,,-1404,-0.1167,-1639.0000,235.0000,-1404.00
97,14030,14040,,-1403,-0.1167,-1637.0000,234.0000,-1403.00
98,14020,14030,,-1402,-0.1166,-1635.0000,233.0000,-1402.00
99,14010,14020,,-1401,-0.1166,-1633.0000,232.0000,-1401.00
100,14000,14010,,-1400,-0.1165,-1631.0000,231.0000,-1400.00
101,13990,14000,,-1399,-0.1164,-1629.0000,230.0000,-1399.00
102,13980,13990,,-1398,-0.1164,-1627.0000,229.0000,-1398.00
103,13970,13980,,-1397,-0.1163,-1625.0000,228.0000,-1397.00
104,13960,13970,,-1396,-0.1163,-1623.0000,227.0000,-1396.00
105,13950,13960,,-1395,-0.1162,-1621.0000,226.0000,-1395.00
106,13940,13950,,-1394,-0.1161,-1619.0000,225.0000,-1394.00
107,13930,13940,,-1393,-0.1161,-1617.0000,224.0000,-1393.00
108,13920,13930,,-1392,-0.1160,-1615.0000,223.0000,-1392.00
109,13910,13920,,-1391,-0.1160,-1613.0000,222.0000,-1391.00
110,13900,13910,,-1390,-0.1159,-1611.0000,221.0000,-1390.00
111,13890,13900,,-1389,-0.1158,-1609.0000,220.0000,-1389.00
112,13880,13890,,-1388,-0.1158,-1607.0000,219.0000,-1388.00
113,13870,13880,,-1387,-0.1157,-1605.0000,218.0000,-1387.00
114,13860,13870,,-1386,-0.1157,-1603.0000,217.0000,-1386.00
115,13850,13860,,-1385,-0.1156,-1601.0000,216.0000,-1385.00
116,13840,13850,,-1384,-0.1155,-1599.0000,215.0000,-1384.00
117,13830,13840,,-1383,-0.1155,-1597.0000,214.0000,-1383.00
118,13820,13830,,-1382,-0.1154,-1595.0000,213.0000,-1382.00
119,13810,13820,,-1381,-0.1154,-1593.0000,212.0000,-1381.00
120,13800,13810,,-1380,-0.1153,-1591.0000,211.0000,-1380.00
121,13790,13800,,-1379,-0.1152,-1589.0000,210.0000,-1379.00
122,13780,13790,,-1378,-0.1152,-1587.0000,209.0000,-1378.00
123,13770,13780,,-1377,-0.1151,-1585.0000,208.0000,-1377.00
124,13760,13770,,-1376,-0.1150,-1583.0000,207.0000,-1376.00
125,13750,13760,,-1375,-0.1150,-1581.0000,206.0000,-1375.00
126,13740,13750,,-1374,-0.1149,-1579.0000,205.0000,-1374.00
127,13730,13740,,-1373,-0.1149,-1577.0000,204.0000,-1373.00
128,13720,13730,,-1372,-0.1148,-1575.0000,203.0000,-1372.00
129,13710,13720,,-1371,-0.1147,-1573.0000,202.0000,-1371.00
130,13700,13710,,-1370,-0.1147,-1571.0000,201.0000,-1370.00
131,13690,13700,,-1369,-0.1146,-1569.0000,200.0000,-1369.00
132,13680,13690,,-1368,-0.1145,-1567.0000,199.0000,-1368.00
133,13670,13680,,-1367,-0.1145,-1565.0000,198.0000,-1367.00
134,13660,13670,,-1366,-0.1144,-1563.0000,197.0000,-1366.00
135,13650,13660,,-1365,-0.1144,-1561.0000,196.0000,-1365.00
136,13640,13650,,-1364,-0.1143,-1559.0000,195.0000,-1364.00
137,13630,13640,,-1363,-0.1142,-1557.0000,194.0000,-1363.00
138,13620,13630,,-1362,-0.1142,-1555.0000,193.0000,-1362.00
139,13610,13620,,-1361,-0.1141,-1553.0000,192.0000,-1361.00
140,13600,13610,,-1360,-0.1140,-1551.0000,191.0000,-1360.00
141,13590,13600,,-1359,-0.1140,-1549.0000,190.0000,-1359.00
142,13580,13590,,-1358,-0.1139,-1547.0000,189.0000,-1358.00
143,13570,13580,,-1357,-0.1139,-1545.0000,188.0000,-1357.00
144,13560,13570,,-1356,-0.1138,-1543.0000,187.0000,-1356.00
145,13550,13560,,-1355,-0.1137,-1541.0000,186.0000,-1355.00
146,13540,13550,,-1354,-0.1137,-1539.0000,185.0000,-1354.00
147,13530,13540,,-1353,-0.1136,-1537.0000,184.0000,-1353.00
148,13520,13530,,-1352,-0.1135,-1535.0000,183.0000,-1352.00
149,13510,13520,,-1351,-0.1135,-1533.0000,182.0000,-1351.00
150,13500,13510,,-1350,-0.1134,-1531.0000,181.0000,-1350.00
151,13490,13500,,-1349,-0.1133,-1529.0000,180.0000,-1349.00
152,13480,13490,,-1348,-0.1133,-1527.0000,179.0000,-1348.00
153,13470,13480,,-1347,-0.1132,-1525.0000,178.0000,-1347.00
154,13460,13470,,-1346,-0.1132,-1523.0000,177.0000,-1346.00
155,13450,13460,,-1345,-0.1131,-1521.0000,176.0000,-1345.00
156,13440,13450,,-1344,-0.1130,-1519.0000,175.0000,-1344.00
157,13430,13440,,-1343,-0.1130,-1517.0000,174.0000,-1343.00
158,13420,13430,,-1342,-0.1129,-1515.0000,173.0000,-1342.00
159,13410,13420,,-1341,-0.1128,-1513.0000,172.0000,-1341.00
160,13400,13410,,-1340,-0.1128,-1511.0000,171.0000,-1340.00
161,13390,13400,,-1339,-0.1127,-1509.0000,170.0000,-1339.00
162,13380,13390,,-1338,-0.1126,-1507.0000,169.0000,-1338.00
163,13370,13380,,-1337,-0.1126,-1505.0000,168.0000,-1337.00
164,13360,13370,,-1336,-0.1125,-1503.0000,167.0000,-1336.00
165,13350,13360,,-1335,-0.1124,-1501.0000,166.0000,-1335.00
166,13340,13350,,-1334,-0.1124,-1499.0000,165.0000,-1334.00
167,13330,13340,,-1333,-0.1123,-1497.0000,164.0000,-1333.00
168,13320,13330,,-1332,-0.1122,-1495.0000,163.0000,-1332.00
169,13310,13320,,-1331,-0.1122,-1493.0000,162.0000,-1331.00
170,13300,13310,,-1330,-0.1121,-1491.0000,161.0000,-1330.00
171,13290,13300,,-1329,-0.1120,-1489.0000,160.0000,-1329.00
172,13280,13290,,-1328,-0.1120,-1487.0000,159.0000,-1328.00
173,13270,13280,,-1327,-0.1119,-1485.0000,158.0000,-1327.00
174,13260,13270,,-1326,-0.1118,-1483.0000,157.0000,-1326.00
175,13250,13260,,-1325,-0.1118,-1481.0000,156.0000,-1325.00
176,13240,13250,,-1324,-0.1117,-1479.0000,155.0000,-1324.00
177,13230,13240,,-1323,-0.1116,-1477.0000,154.0000,-1323.00
178,13220,13230,,-1322,-0.1116,-1475.0000,153.0000,-1322.00
179,13210,13220,,-1321,-0.1115,-1473.0000,152.0000,-1321.00
180,13200,13210,,-1320,-0.1114,-1471.0000,151.0000,-1320.00
181,13190,13200,,-1319,-0.1114,-1469.0000,150.0000,-1319.00
182,13180,13190,,-1318,-0.1113,-1467.0000,149.0000,-1318.00
183,13170,13180,,-1317,-0.1112,-1465.0000,148.0000,-1317.00
184,13160,13170,,-1316,-0.1112,-1463.0000,147.0000,-1316.00
185,13150,13160,,-1315,-0.1111,-1461.0000,146.0000,-1315.00
186,13140,13150,,-1314,-0.1110,-1459.0000,145.0000,-1314.00
187,13130,13140,,-1313,-0.1110,-1457.0000,144.0000,-1313.00
188,13120,13130,,-1312,-0.1109,-1455.0000,143.0000,-1312.00
189,13110,13120,,-1311,-0.1108,-1453.0000,142.0000,-1311.00
190,13100,13110,,-1310,-0.1108,-1451.0000,141.0000,-1310.00
191,13090,13100,,-1309,-0.1107,-1449.0000,140.0000,-1309.00
192,13080,13090,,-1308,-0.1106,-1447.0000,139.0000,-1308.00
193,13070,13080,,-1307,-0.1106,-1445.0000,138.0000,-1307.00
194,13060,13070,,-1306,-0.1105,-1443.0000,137.0000,-1306.00
195,13050,13060,,-1305,-0.1104,-1441.0000,136.0000,-1305.00
196,13040,13050,,-1304,-0.1104,-1439.0000,135.0000,-1304.00
197,13030,13040,,-1303,-0.1103,-1437.0000,134.0000,-1303.00
198,13020,13030,,-1302,-0.1102,-1435.0000,133.0000,-1302.00
199,13010,13020,,-1301,-0.1101,-1433.0000,132.0000,-1301.00
200,13000,13010,,-1300,-0.1101,-1431.0000,131.0000,-1300.00
201,12990,13000,,-1299,-0.1100,-1429.0000,130.0000,-1299.00
202,12980,12990,,-1298,-0.1099,-1427.0000,129.0000,-1298.00
203,12970,12980,,-1297,-0.1099,-1425.0000,128.0000,-1297.00
204,12960,12970,,-1296,-0.1098,-1423.0000,127.0000,-1296.00
205,12950,12960,,-1295,-0.1097,-1421.0000,126.0000,-1295.00
206,12940,12950,,-1294,-0.1097,-1419.0000,125.0000,-1294.00
207,12930,12940,,-1293,-0.1096,-1417.0000,124.0000,-1293.00
208,12920,12930,,-1292,-0.1095,-1415.0000,123.0000,-1292.00
209,12910,12920,,-1291,-0.1095,-1413.0000,122.0000,-1291.00
210,12900,12910,,-1290,-0.1094,-1411.0000,121.0000,-1290.00
211,12890,12900,,-1289,-0.1093,-1409.0000,120.0000,-1289.00
212,12880,12890,,-1288,-0.1092,-1407.0000,119.0000,-1288.00
213,12870,12880,,-1287,-0.1092,-1405.0000,118.0000,-1287.00
214,12860,12870,,-1286,-0.1091,-1403.0000,117.0000,-1286.00
215,12850,12860,,-1285,-0.1090,-1401.0000,116.0000,-1285.00
216,12840,12850,,-1284,-0.1090,-1399.0000,115.0000,-1284.00
217,12830,12840,,-1283,-0.1089,-1397.0000,114.0000,-1283.00
218,12820,12830,,-1282,-0.1088,-1395.0000,113.0000,-1282.00
219,12810,12820,,-1281,-0.1087,-1393.0000,112.0000,-1281.00
220,12800,12810,,-1280,-0.1087,-1391.0000,111.0000,-1280.00
221,12790,12800,,-1279,-0.1086,-1389.0000,110.0000,-1279.00
222,12780,12790,,-1278,-0.1085,-1387.0000,109.0000,-1278.00
223,12770,12780,,-1277,-0.1085,-1385.0000,108.0000,-1277.00
224,12760,12770,,-1276,-0.1084,-1383.0000,107.0000,-1276.00
225,12750,12760,,-1275,-0.1083,-1381.0000,106.0000,-1275.00
226,12740,12750,,-1274,-0.1082,-1379.0000,105.0000,-1274.00
227,12730,12740,,-1273,-0.1082,-1377.0000,104.0000,-1273.00
228,12720,12730,,-1272,-0.1081,-1375.0000,103.0000,-1272.00
229,12710,12720,,-1271,-0.1080,-1373.0000,102.0000,-1271.00
230,12700,12710,,-1270,-0.1080,-1371.0000,101.0000,-1270.00
231,12690,12700,,-1269,-0.1079,-1369.0000,100.0000,-1269.00
232,12680,12690,,-1268,-0.1078,-1367.0000,99.0000,-1268.00
233,12670,12680,,-1267,-0.1077,-1365.0000,98.0000,-1267.00
234,12660,12670,,-1266,-0.1077,-1363.0000,97.0000,-1266.00
235,12650,12660,,-1265,-0.1076,-1361.0000,96.0000,-1265.00
236,12640,12650,,-1264,-0.1075,-1359.0000,95.0000,-1264.00
237,12630,12640,,-1263,-0.1074,-1357.0000,94.0000,-1263.00
238,12620,12630,,-1262,-0.1074,-1355.0000,93.0000,-1262.00
239,12610,12620,,-1261,-0.1073,-1353.0000,92.0000,-1261.00
240,12600,12610,,-1260,-0.1072,-1351.0000,91.0000,-1260.00
241,12590,12600,,-1259,-0.1071,-1349.0000,90.0000,-1259.00
242,12580,12590,,-1258,-0.1071,-1347.0000,89.0000,-1258.00
243,12570,12580,,-1257,-0.1070,-1345.0000,88.0000,-1257.00
244,12560,12570,,-1256,-0.1069,-1343.0000,87.0000,-1256.00
245,12550,12560,,-1255,-0.1069,-1341.0000,86.0000,-1255.00
246,12540,12550,,-1254,-0.1068,-1339.0000,85.0000,-1254.00
247,12530,12540,,-1253,-0.1067,-1337.0000,84.0000,-1253.00
248,12520,12530,,-1252,-0.1066,-1335.0000,83.0000,-1252.00
249,12510,12520,,-1251,-0.1066,-1333.0000,82.0000,-1251.00
250,12500,12510,,-1250,-0.1065,-1331.0000,81.0000,-1250.00
251,12490,12500,,-1249,-0.1064,-1329.0000,80.0000,-1249.00
252,12480,12490,,-1248,-0.1063,-1327.0000,79.0000,-1248.00
253,12470,12480,,-1247,-0.1063,-1325.0000,78.0000,-1247.00
254,12460,12470,,-1246,-0.1062,-1323.0000,77.0000,-1246.00
255,12450,12460,,-1245,-0.1061,-1321.0000,76.0000,-1245.00
256,12440,12450,,-1244,-0.1060,-1319.0000,75.0000,-1244.00
257,12430,12440,,-1243,-0.1060,-1317.0000,74.0000,-1243.00
258,12420,12430,,-1242,-0.1059,-1315.0000,73.0000,-1242.00
259,12410,12420,,-1241,-0.1058,-1313.0000,72.0000,-1241.00
260,12400,12410,,-1240,-0.1057,-1311.0000,71.0000,-1240.00
261,12390,12400,,-1239,-0.1056,-1309.0000,70.0000,-1239.00
262,12380,12390,,-1238,-0.1056,-1307.0000,69.0000,-1238.00
263,12370,12380,,-1237,-0.1055,-1305.0000,68.0000,-1237.00
264,12360,12370,,-1236,-0.1054,-1303.0000,67.0000,-1236.00
265,12350,12360,,-1235,-0.1053,-1301.0000,66.0000,-1235.00
266,12340,12350,,-1234,-0.1053,-1299.0000,65.0000,-1234.00
267,12330,12340,,-1233,-0.1052,-1297.0000,64.0000,-1233.00
268,12320,12330,,-1232,-0.1051,-1295.0000,63.0000,-1232.00
269,12310,12320,,-1231,-0.1050,-1293.0000,62.0000,-1231.00
270,12300,12310,,-1230,-0.1050,-1291.0000,61.0000,-1230.00
271,12290,12300,,-1229,-0.1049,-1289.0000,60.0000,-1229.00
272,12280,12290,,-1228,-0.1048,-1287.0000,59.0000,-1228.00
273,12270,12280,,-1227,-0.1047,-1285.0000,58.0000,-1227.00
274,12260,12270,,-1226,-0.1046,-1283.0000,57.0000,-1226.00
275,12250,12260,,-1225,-0.1046,-1281.0000,56.0000,-1225.00
276,12240,12250,,-1224,-0.1045,-1279.0000,55.0000,-1224.00
277,12230,12240,,-1223,-0.1044,-1277.0000,54.0000,-1223.00
278,12220,12230,,-1222,-0.1043,-1275.0000,53.0000,-1222.00
279,12210,12220,,-1221,-0.1043,-1273.0000,52.0000,-1221.00
280,12200,12210,,-1220,-0.1042,-1271.0000,51.0000,-1220.00
281,12190,12200,,-1219,-0.1041,-1269.0000,50.0000,-1219.00
282,12180,12190,,-1218,-0.1040,-1267.0000,49.0000,-1218.00
283,12170,12180,,-1217,-0.1039,-1265.0000,48.0000,-1217.00
284,12160,12170,,-1216,-0.1039,-1263.0000,47.0000,-1216.00
285,12150,12160,,-1215,-0.1038,-1261.0000,46.0000,-1215.00
286,12140,12150,,-1214,-0.1037,-1259.0000,45.0000,-1214.00
287,12130,12140,,-1213,-0.1036,-1257.0000,44.0000,-1213.00
288,12120,12130,,-1212,-0.1035,-1255.0000,43.0000,-1212.00
289,12110,12120,,-1211,-0.1035,-1253.0000,42.0000,-1211.00
290,12100,12110,,-1210,-0.1034,-1251.0000,41.0000,-1210.00
291,12090,12100,,-1209,-0.1033,-1249.0000,40.0000,-1209.00
292,12080,12090,,-1208,-0.1032,-1247.0000,39.0000,-1208.00
293,12070,12080,,-1207,-0.1031,-1245.0000,38.0000,-1207.00
294,12060,12070,,-1206,-0.1031,-1243.0000,37.0000,-1206.00
295,12050,12060,,-1205,-0.1030,-1241.0000,36.0000,-1205.00
296,12040,12050,,-1204,-0.1029,-1239.0000,35.0000,-1204.00
297,12030,12040,,-1203,-0.1028,-1237.0000,34.0000,-1203.00
298,12020,12030,,-1202,-0.1027,-1235.0000,33.0000,-1202.00
299,12010,12020,,-1201,-0.1027,-1233.0000,32.0000,-1201.00
300,12000,12010,,-1200,-0.1026,-1231.0000,31.0000,-1200.00
301,11990,12000,,-1199,-0.1025,-1229.0000,30.0000,-1199.00
302,11980,11990,,-1198,-0.1024,-1227.0000,29.0000,-1198.00
303,11970,11980,,-1197,-0.1023,-1225.0000,28.0000,-1197.00
304,11960,11970,,-1196,-0.1023,-1223.0000,27.0000,-1196.00
305,11950,11960,,-1195,-0.1022,-1221.0000,26.0000,-1195.00
306,11940,11950,,-1194,-0.1021,-1219.0000,25.0000,-1194.00
307,11930,11940,,-1193,-0.1020,-1217.0000,24.0000,-1193.00
308,11920,11930,,-1192,-0.1019,-1215.0000,23.0000,-1192.00
309,11910,11920,,-1191,-0.1018,-1213.0000,22.0000,-1191.00
310,11900,11910,,-1190,-0.1018,-1211.0000,21.0000,-1190.00
311,11890,11900,,-1189,-0.1017,-1209.0000,20.0000,-1189.00
312,11880,11890,,-1188,-0.1016,-1207.0000,19.0000,-1188.00
313,11870,11880,,-1187,-0.1015,-1205.0000,18.0000,-1187.00
314,11860,11870,,-1186,-0.1014,-1203.0000,17.0000,-1186.00
315,11850,11860,,-1185,-0.1014,-1201.0000,16.0000,-1185.00
316,11840,11850,,-1184,-0.1013,-1199.0000,15.0000,-1184.00
317,11830,11840,,-1183,-0.1012,-1197.0000,14.0000,-1183.00
318,11820,11830,,-1182,-0.1011,-1195.0000,13.0000,-1182.00
319,11810,11820,,-1181,-0.1010,-1193.0000,12.0000,-1181.00
320,11800,11810,,-1180,-0.1009,-1191.0000,11.0000,-1180.00
321,11790,11800,,-1179,-0.1008,-1189.0000,10.0000,-1179.00
322,11780,11790,,-1178,-0.1008,-1187.0000,9.0000,-1178.00
323,11770,11780,,-1177,-0.1007,-1185.0000,8.0000,-1177.00
324,11760,11770,,-1176,-0.1006,-1183.0000,7.0000,-1176.00
325,11750,11760,,-1175,-0.1005,-1181.0000,6.0000,-1175.00
326,11740,11750,,-1174,-0.1004,-1179.0000,5.0000,-1174.00
327,11730,11740,,-1173,-0.1003,-1177.0000,4.0000,-1173.00
328,11720,11730,,-1172,-0.1003,-1175.0000,3.0000,-1172.00
329,11710,11720,,-1171,-0.1002,-1173.0000,2.0000,-1171.00
330,11700,11710,,-1170,-0.1001,-1171.0000,1.0000,-1170.00
331,11690,11700,,-1169,-0.1000,,,
332,11680,11690,,-1168,-0.0999,,,
333,11670,11680,,-1167,-0.0998,,,
334,11660,11670,,-1166,-0.0997,,,
335,11650,11660,,-1165,-0.0997,,,
336,11640,11650,,-1164,-0.0996,,,
337,11630,11640,,-1163,-0.0995,,,
338,11620,11630,,-1162,-0.0994,,,
339,11610,11620,,-1161,-0.0993,,,
340,11600,11610,,-1160,-0.0992,,,
341,11590,11600,,-1159,-0.0991,,,
342,11580,11590,,-1158,-0.0991,,,
343,11570,11580,,-1157,-0.0990,,,
344,11560,11570,,-1156,-0.0989,,,
345,11550,11560,,-1155,-0.0988,,,
346,11540,11550,,-1154,-0.0987,,,
347,11530,11540,,-1153,-0.0986,,,
348,11520,11530,,-1152,-0.0985,,,
349,11510,11520,,-1151,-0.0984,,,
350,11500,11510,,-1150,-0.0984,,,
351,11490,11500,,-1149,-0.0983,,,
352,11480,11490,,-1148,-0.0982,,,
353,11470,11480,,-1147,-0.0981,,,
354,11460,11470,,-1146,-0.0980,,,
355,11450,11460,,-1145,-0.0979,,,
356,11440,11450,,-1144,-0.0978,,,
357,11430,11440,,-1143,-0.0977,,,
358,11420,11430,,-1142,-0.0977,,,
359,11410,11420,,-1141,-0.0976,,,
360,11400,11410,,-1140,-0.0975,,,
361,11390,11400,,-1139,-0.0974,,,
362,11380,11390,,-1138,-0.0973,,,
363,11370,11380,,-1137,-0.0972,,,
364,11360,11370,,-1136,-0.0971,,,
365,11350,11360,,-1135,-0.0970,,,
366,11340,11350,,-1134,-0.0970,,,
367,11330,11340,,-1133,-0.0969,,,
368,11320,11330,,-1132,-0.0968,,,
369,11310,11320,,-1131,-0.0967,,,
370,11300,11310,,-1130,-0.0966,,,
371,11290,11300,,-1129,-0.0965,,,
372,11280,11290,,-1128,-0.0964,,,
373,11270,11280,,-1127,-0.0963,,,
374,11260,11270,,-1126,-0.0963,,,
375,11250,11260,,-1125,-0.0962,,,
376,11240,11250,,-1124,-0.0961,,,
377,11230,11240,,-1123,-0.0960,,,
378,11220,11230,,-1122,-0.0959,,,
379,11210,11220,,-1121,-0.0958,,,
380,11200,11210,,-1120,-0.0957,,,
381,11190,11200,,-1119,-0.0956,,,
382,11180,11190,,-1118,-0.0955,,,
383,11170,11180,,-1117,-0.0954,,,
384,11160,11170,,-1116,-0.0954,,,
385,11150,11160,,-1115,-0.0953,,,
386,11140,11150,,-1114,-0.0952,,,
387,11130,11140,,-1113,-0.0951,,,
388,11120,11130,,-1112,-0.0950,,,
389,11110,11120,,-1111,-0.0949,,,
390,11100,11110,,-1110,-0.0948,,,
391,11090,11100,,-1109,-0.0947,,,
392,11080,11090,,-1108,-0.0946,,,
393,11070,11080,,-1107,-0.0945,,,
394,11060,11070,,-1106,-0.0945,,,
395,11050,11060,,-1105,-0.0944,,,
396,11040,11050,,-1104,-0.0943,,,
397,11030,11040,,-1103,-0.0942,,,
398,11020,11030,,-1102,-0.0941,,,
399,11010,11020,,-1101,-0.0940,,,
400,11000,11010,,-1100,-0.0939,,,
401,10990,11000,,-1099,-0.0938,,,
402,10980,10990,,-1098,-0.0937,,,
403,10970,10980,,-1097,-0.0936,,,
404,10960,10970,,-1096,-0.0935,,,
405,10950,10960,,-1095,-0.0935,,,
406,10940,10950,,-1094,-0.0934,,,
407,10930,10940,,-1093,-0.0933,,,
408,10920,10930,,-1092,-0.0932,,,
409,10910,10920,,-1091,-0.0931,,,
410,10900,10910,,-1090,-0.0930,,,
411,10890,10900,,-1089,-0.0929,,,
412,10880,10890,,-1088,-0.0928,,,
413,10870,10880,,-1087,-0.0927,,,
414,10860,10870,,-1086,-0.0926,,,
415,10850,10860,,-1085,-0.0925,,,
416,10840,10850,,-1084,-0.0924,,,
417,10830,10840,,-1083,-0.0924,,,
418,10820,10830,,-1082,-0.0923,,,
419,10810,10820,,-1081,-0.0922,,,
420,10800,10810,,-1080,-0.0921,,,
421,10790,10800,,-1079,-0.0920,,,
422,10780,10790,,-1078,-0.0919,,,
423,10770,10780,,-1077,-0.0918,,,
424,10760,10770,,-1076,-0.0917,,,
425,10750,10760,,-1075,-0.0916,,,
426,10740,10750,,-1074,-0.0915,,,
427,10730,10740,,-1073,-0.0914,,,
428,10720,10730,,-1072,-0.0913,,,
429,10710,10720,,-1071,-0.0912,,,
430,10700,10710,,-1070,-0.0911,,,
431,10690,10700,,-1069,-0.0911,,,
432,10680,10690,,-1068,-0.0910,,,
433,10670,10680,,-1067,-0.0909,,,
434,10660,10670,,-1066,-0.0908,,,
435,10650,10660,,-1065,-0.0907,,,
436,10640,10650,,-1064,-0.0906,,,
437,10630,10640,,-1063,-0.0905,,,
438,10620,10630,,-1062,-0.0904,,,
439,10610,10620,,-1061,-0.0903,,,
440,10600,10610,,-1060,-0.0902,,,
441,10590,10600,,-1059,-0.0901,,,
442,10580,10590,,-1058,-0.0900,,,
443,10570,10580,,-1057,-0.0899,,,
444,10560,10570,,-1056,-0.0898,,,
445,10550,10560,,-1055,-0.0897,,,
446,10540,10550,,-1054,-0.0896,,,
447,10530,10540,,-1053,-0.0895,,,
448,10520,10530,,-1052,-0.0894,,,
449,10510,10520,,-1051,-0.0894,,,
450,10500,10510,,-1050,-0.0893,,,
451,10490,10500,,-1049,-0.0892,,,
452,10480,10490,,-1048,-0.0891,,,
453,10470,10480,,-1047,-0.0890,,,
454,10460,10470,,-1046,-0.0889,,,
455,10450,10460,,-1045,-0.0888,,,
456,10440,10450,,-1044,-0.0887,,,
457,10430,10440,,-1043,-0.0886,,,
458,10420,10430,,-1042,-0.0885,,,
459,10410,10420,,-1041,-0.0884,,,
460,10400,10410,,-1040,-0.0883,,,
461,10390,10400,,-1039,-0.0882,,,
462,10380,10390,,-1038,-0.0881,,,
463,10370,10380,,-1037,-0.0880,,,
464,10360,10370,,-1036,-0.0879,,,
465,10350,10360,,-1035,-0.0878,,,
466,10340,10350,,-1034,-0.0877,,,
467,10330,10340,,-1033,-0.0876,,,
468,10320,10330,,-1032,-0.0875,,,
469,10310,10320,,-1031,-0.0874,,,
470,10300,10310,,-1030,-0.0873,,,
471,10290,10300,,-1029,-0.0872,,,
472,10280,10290,,-1028,-0.0871,,,
473,10270,10280,,-1027,-0.0870,,,
474,10260,10270,,-1026,-0.0869,,,
475,10250,10260,,-1025,-0.0868,,,
476,10240,10250,,-1024,-0.0868,,,
477,10230,10240,,-1023,-0.0867,,,
478,10220,10230,,-1022,-0.0866,,,
479,10210,10220,,-1021,-0.0865,,,
480,10200,10210,,-1020,-0.0864,,,
481,10190,10200,,-1019,-0.0863,,,
482,10180,10190,,-1018,-0.0862,,,
483,10170,10180,,-1017,-0.0861,,,
484,10160,10170,,-1016,-0.0860,,,
485,10150,10160,,-1015,-0.0859,,,
486,10140,10150,,-1014,-0.0858,,,
487,10130,10140,,-1013,-0.0857,,,
488,10120,10130,,-1012,-0.0856,,,
489,10110,10120,,-1011,-0.0855,,,
490,10100,10110,,-1010,-0.0854,,,
491,10090,10100,,-1009,-0.0853,,,
492,10080,10090,,-1008,-0.0852,,,
493,10070,10080,,-1007,-0.0851,,,
494,10060,10070,,-1006,-0.0850,,,
495,10050,10060,,-1005,-0.0849,,,
496,10040,10050,,-1004,-0.0848,,,
497,10030,10040,,-1003,-0.0847,,,
498,10020,10030,,-1002,-0.0846,,,
499,10010,10020,,-1001,-0.0845,,,
500,10000,10010,,-1000,-0.0844,,,
501,9990,10000,,-999,-0.0843,,,
502,9980,9990,,-998,-0.0842,,,
503,9970,9980,,-997,-0.0841,,,
504,9960,9970,,-996,-0.0840,,,
505,9950,9960,,-995,-0.0839,,,
506,9940,9950,,-994,-0.0838,,,
507,9930,9940,,-993,-0.0837,,,
508,9920,9930,,-992,-0.0836,,,
509,9910,9920,,-991,-0.0835,,,
510,9900,9910,,-990,-0.0834,,,
511,9890,9900,,-989,-0.0833,,,
512,9880,9890,,-988,-0.0832,,,
513,9870,9880,,-987,-0.0831,,,
514,9860,9870,,-986,-0.0830,,,
515,9850,9860,,-985,-0.0829,,,
516,9840,9850,,-984,-0.0828,,,
517,9830,9840,,-983,-0.0827,,,
518,9820,9830,,-982,-0.0826,,,
519,9810,9820,,-981,-0.0825,,,
520,9800,9810,,-980,-0.0824,,,
521,9790,9800,,-979,-0.0823,,,
522,9780,9790,,-978,-0.0822,,,
523,9770,9780,,-977,-0.0820,,,
524,9760,9770,,-976,-0.0819,,,
525,9750,9760,,-975,-0.0818,,,
526,9740,9750,,-974,-0.0817,,,
527,9730,9740,,-973,-0.0816,,,
528,9720,9730,,-972,-0.0815,,,
529,9710,9720,,-971,-0.0814,,,
530,9700,9710,,-970,-0.0813,,,
531,9690,9700,,-969,-0.0812,,,
532,9680,9690,,-968,-0.0811,,,
533,9670,9680,,-967,-0.0810,,,
534,9660,9670,,-966,-0.0809,,,
535,9650,9660,,-965,-0.0808,,,
536,9640,9650,,-964,-0.0807,,,
537,9630,9640,,-963,-0.0806,,,
538,9620,9630,,-962,-0.0805,,,
539,9610,9620,,-961,-0.0804,,,
540,9600,9610,,-960,-0.0803,,,
541,9590,9600,,-959,-0.0802,,,
542,9580,9590,,-958,-0.0801,,,
543,9570,9580,,-957,-0.0800,,,
544,9560,9570,,-956,-0.0799,,,
545,9550,9560,,-955,-0.0798,,,
546,9540,9550,,-954,-0.0797,,,
547,9530,9540,,-953,-0.0796,,,
548,9520,9530,,-952,-0.0795,,,
549,9510,9520,,-951,-0.0794,,,
550,9500,9510,,-950,-0.0792,,,
551,9490,9500,,-949,-0.0791,,,
552,9480,9490,,-948,-0.0790,,,
553,9470,9480,,-947,-0.0789,,,
554,9460,9470,,-946,-0.0788,,,
555,9450,9460,,-945,-0.0787,,,
556,9440,9450,,-944,-0.0786,,,
557,9430,9440,,-943,-0.0785,,,
558,9420,9430,,-942,-0.0784,,,
559,9410,9420,,-941,-0.0783,,,
560,9400,9410,,-940,-0.0782,,,
561,9390,9400,,-939,-0.0781,,,
562,9380,9390,,-938,-0.0780,,,
563,9370,9380,,-937,-0.0779,,,
564,9360,9370,,-936,-0.0778,,,
565,9350,9360,,-935,-0.0777,,,
566,9340,9350,,-934,-0.0775,,,
567,9330,9340,,-933,-0.0774,,,
568,9320,9330,,-932,-0.0773,,,
569,9310,9320,,-931,-0.0772,,,
570,9300,9310,,-930,-0.0771,,,
571,9290,9300,,-929,-0.0770,,,
572,9280,9290,,-928,-0.0769,,,
573,9270,9280,,-927,-0.0768,,,
574,9260,9270,,-926,-0.0767,,,
575,9250,9260,,-925,-0.0766,,,
576,9240,9250,,-924,-0.0765,,,
577,9230,9240,,-923,-0.0764,,,
578,9220,9230,,-922,-0.0763,,,
579,9210,9220,,-921,-0.0761,,,
580,9200,9210,,-920,-0.0760,,,
581,9190,9200,,-919,-0.0759,,,
582,9180,9190,,-918,-0.0758,,,
583,9170,9180,,-917,-0.0757,,,
584,9160,9170,,-916,-0.0756,,,
585,9150,9160,,-915,-0.0755,,,
586,9140,9150,,-914,-0.0754,,,
587,9130,9140,,-913,-0.0753,,,
588,9120,9130,,-912,-0.0752,,,
589,9110,9120,,-911,-0.0751,,,
590,9100,9110,,-910,-0.0749,,,
591,9090,9100,,-909,-0.0748,,,
592,9080,9090,,-908,-0.0747,,,
593,9070,9080,,-907,-0.0746,,,
594,9060,9070,,-906,-0.0745,,,
595,9050,9060,,-905,-0.0744,,,
596,9040,9050,,-904,-0.0743,,,
597,9030,9040,,-903,-0.0742,,,
598,9020,9030,,-902,-0.0741,,,
599,9010,9020,,-901,-0.0739,,,
600,9000,9010,,-900,-0.0738,,,
601,8990,9000,,-899,-0.0737,,,
602,8980,8990,,-898,-0.0736,,,
603,8970,8980,,-897,-0.0735,,,
604,8960,8970,,-896,-0.0734,,,
605,8950,8960,,-895,-0.0733,,,
606,8940,8950,,-894,-0.0732,,,
607,8930,8940,,-893,-0.0731,,,
608,8920,8930,,-892,-0.0729,,,
609,8910,8920,,-891,-0.0728,,,
610,8900,8910,,-890,-0.0727,,,
611,8890,8900,,-889,-0.0726,,,
612,8880,8890,,-888,-0.0725,,,
613,8870,8880,,-887,-0.0724,,,
614,8860,8870,,-886,-0.0723,,,
615,8850,8860,,-885,-0.0722,,,
616,8840,8850,,-884,-0.0720,,,
617,8830,8840,,-883,-0.0719,,,
618,8820,8830,,-882,-0.0718,,,
619,8810,8820,,-881,-0.0717,,,
620,8800,8810,,-880,-0.0716,,,
621,8790,8800,,-879,-0.0715,,,
622,8780,8790,,-878,-0.0714,,,
623,8770,8780,,-877,-0.0712,,,
624,8760,8770,,-876,-0.0711,,,
625,8750,8760,,-875,-0.0710,,,
626,8740,8750,,-874,-0.0709,,,
627,8730,8740,,-873,-0.0708,,,
628,8720,8730,,-872,-0.0707,,,
629,8710,8720,,-871,-0.0706,,,
630,8700,8710,,-870,-0.0704,,,
631,8690,8700,,-869,-0.0703,,,
632,8680,8690,,-868,-0.0702,,,
633,8670,8680,,-867,-0.0701,,,
634,8660,8670,,-866,-0.0700,,,
635,8650,8660,,-865,-0.0699,,,
636,8640,8650,,-864,-0.0698,,,
637,8630,8640,,-863,-0.0696,,,
638,8620,8630,,-862,-0.0695,,,
639,8610,8620,,-861,-0.0694,,,
640,8600,8610,,-860,-0.0693,,,
641,8590,8600,,-859,-0.0692,,,
642,8580,8590,,-858,-0.0691,,,
643,8570,8580,,-857,-0.0689,,,
644,8560,8570,,-856,-0.0688,,,
645,8550,8560,,-855,-0.0687,,,
646,8540,8550,,-854,-0.0686,,,
647,8530,8540,,-853,-0.0685,,,
648,8520,8530,,-852,-0.0684,,,
649,8510,8520,,-851,-0.0682,,,
650,8500,8510,,-850,-0.0681,,,
651,8490,8500,,-849,-0.0680,,,
652,8480,8490,,-848,-0.0679,,,
653,8470,8480,,-847,-0.0678,,,
654,8460,8470,,-846,-0.0676,,,
655,8450,8460,,-845,-0.0675,,,
656,8440,8450,,-844,-0.0674,,,
657,8430,8440,,-843,-0.0673,,,
658,8420,8430,,-842,-0.0672,,,
659,8410,8420,,-841,-0.0671,,,
660,8400,8410,,-840,-0.0669,,,
661,8390,8400,,-839,-0.0668,,,
662,8380,8390,,-838,-0.0667,,,
663,8370,8380,,-837,-0.0666,,,
664,8360,8370,,-836,-0.0665,,,
665,8350,8360,,-835,-0.0663,,,
666,8340,8350,,-834,-0.0662,,,
667,8330,8340,,-833,-0.0661,,,
668,8320,8330,,-832,-0.0660,,,
669,8310,8320,,-831,-0.0659,,,
670,8300,8310,,-830,-0.0657,,,
671,8290,8300,,-829,-0.0656,,,
672,8280,8290,,-828,-0.0655,,,
673,8270,8280,,-827,-0.0654,,,
674,8260,8270,,-826,-0.0653,,,
675,8250,8260,,-825,-0.0651,,,
676,8240,8250,,-824,-0.0650,,,
677,8230,8240,,-823,-0.0649,,,
678,8220,8230,,-822,-0.0648,,,
679,8210,8220,,-821,-0.0646,,,
680,8200,8210,,-820,-0.0645,,,
681,8190,8200,,-819,-0.0644,,,
682,8180,8190,,-818,-0.0643,,,
683,8170,8180,,-817,-0.0642,,,
684,8160,8170,,-816,-0.0640,,,
685,8150,8160,,-815,-0.0639,,,
686,8140,8150,,-814,-0.0638,,,
687,8130,8140,,-813,-0.0637,,,
688,8120,8130,,-812,-0.0635,,,
689,8110,8120,,-811,-0.0634,,,
690,8100,8110,,-810,-0.0633,,,
691,8090,8100,,-809,-0.0632,,,
692,8080,8090,,-808,-0.0630,,,
693,8070,8080,,-807,-0.0629,,,
694,8060,8070,,-806,-0.0628,,,
695,8050,8060,,-805,-0.0627,,,
696,8040,8050,,-804,-0.0626,,,
697,8030,8040,,-803,-0.0624,,,
698,8020,8030,,-802,-0.0623,,,
699,8010,8020,,-801,-0.0622,,,
700,8000,8010,,-800,-0.0621,,,
701,7990,8000,,-799,-0.0619,,,
702,7980,7990,,-798,-0.0618,,,
703,7970,7980,,-797,-0.0617,,,
704,7960,7970,,-796,-0.0615,,,
705,7950,7960,,-795,-0.0614,,,
706,7940,7950,,-794,-0.0613,,,
707,7930,7940,,-793,-0.0612,,,
708,7920,7930,,-792,-0.0610,,,
709,7910,7920,,-791,-0.0609,,,
710,7900,7910,,-790,-0.0608,,,
711,7890,7900,,-789,-0.0607,,,
712,7880,7890,,-788,-0.0605,,,
713,7870,7880,,-787,-0.0604,,,
714,7860,7870,,-786,-0.0603,,,
715,7850,7860,,-785,-0.0602,,,
716,7840,7850,,-784,-0.0600,,,
717,7830,7840,,-783,-0.0599,,,
718,7820,7830,,-782,-0.0598,,,
719,7810,7820,,-781,-0.0596,,,
720,7800,7810,,-780,-0.0595,,,
721,7790,7800,,-779,-0.0594,,,
722,7780,7790,,-778,-0.0593,,,
723,7770,7780,,-777,-0.0591,,,
724,7760,7770,,-776,-0.0590,,,
725,7750,7760,,-775,-0.0589,,,
726,7740,7750,,-774,-0.0587,,,
727,7730,7740,,-773,-0.0586,,,
728,7720,7730,,-772,-0.0585,,,
729,7710,7720,,-771,-0.0584,,,
730,7700,7710,,-770,-0.0582,,,
731,7690,7700,,-769,-0.0581,,,
732,7680,7690,,-768,-0.0580,,,
733,7670,7680,,-767,-0.0578,,,
734,7660,7670,,-766,-0.0577,,,
735,7650,7660,,-765,-0.0576,,,
736,7640,7650,,-764,-0.0574,,,
737,7630,7640,,-763,-0.0573,,,
738,7620,7630,,-762,-0.0572,,,
739,7610,7620,,-761,-0.0570,,,
740,7600,7610,,-760,-0.0569,,,
741,7590,7600,,-759,-0.0568,,,
742,7580,7590,,-758,-0.0567,,,
743,7570,7580,,-757,-0.0565,,,
744,7560,7570,,-756,-0.0564,,,
745,7550,7560,,-755,-0.0563,,,
746,7540,7550,,-754,-0.0561,,,
747,7530,7540,,-753,-0.0560,,,
748,7520,7530,,-752,-0.0559,,,
749,7510,7520,,-751,-0.0557,,,
750,7500,7510,,-750,-0.0556,,,
751,7490,7500,,-749,-0.0555,,,
752,7480,7490,,-748,-0.0553,,,
753,7470,7480,,-747,-0.0552,,,
754,7460,7470,,-746,-0.0551,,,
755,7450,7460,,-745,-0.0549,,,
756,7440,7450,,-744,-0.0548,,,
757,7430,7440,,-743,-0.0547,,,
758,7420,7430,,-742,-0.0545,,,
759,7410,7420,,-741,-0.0544,,,
760,7400,7410,,-740,-0.0542,,,
761,7390,7400,,-739,-0.0541,,,
762,7380,7390,,-738,-0.0540,,,
763,7370,7380,,-737,-0.0538,,,
764,7360,7370,,-736,-0.0537,,,
765,7350,7360,,-735,-0.0536,,,
766,7340,7350,,-734,-0.0534,,,
767,7330,7340,,-733,-0.0533,,,
768,7320,7330,,-732,-0.0532,,,
769,7310,7320,,-731,-0.0530,,,
770,7300,7310,,-730,-0.0529,,,
771,7290,7300,,-729,-0.0528,,,
772,7280,7290,,-728,-0.0526,,,
773,7270,7280,,-727,-0.0525,,,
774,7260,7270,,-726,-0.0523,,,
775,7250,7260,,-725,-0.0522,,,
776,7240,7250,,-724,-0.0521,,,
777,7230,7240,,-723,-0.0519,,,
778,7220,7230,,-722,-0.0518,,,
779,7210,7220,,-721,-0.0516,,,
780,7200,7210,,-720,-0.0515,,,
781,7190,7200,,-719,-0.0514,,,
782,7180,7190,,-718,-0.0512,,,
783,7170,7180,,-717,-0.0511,,,
784,7160,7170,,-716,-0.0510,,,
785,7150,7160,,-715,-0.0508,,,
786,7140,7150,,-714,-0.0507,,,
787,7130,7140,,-713,-0.0505,,,
788,7120,7130,,-712,-0.0504,,,
789,7110,7120,,-711,-0.0502,,,
790,7100,7110,,-710,-0.0501,,,
791,7090,7100,,-709,-0.0500,,,
792,7080,7090,,-708,-0.0498,,,
793,7070,7080,,-707,-0.0497,,,
794,7060,7070,,-706,-0.0495,,,
795,7050,7060,,-705,-0.0494,,,
796,7040,7050,,-704,-0.0493,,,
797,7030,7040,,-703,-0.0491,,,
798,7020,7030,,-702,-0.0490,,,
799,7010,7020,,-701,-0.0488,,,
800,7000,7010,,-700,-0.0487,,,
801,6990,7000,,-699,-0.0485,,,
802,6980,6990,,-698,-0.0484,,,
803,6970,6980,,-697,-0.0483,,,
804,6960,6970,,-696,-0.0481,,,
805,6950,6960,,-695,-0.0480,,,
806,6940,6950,,-694,-0.0478,,,
807,6930,6940,,-693,-0.0477,,,
808,6920,6930,,-692,-0.0475,,,
809,6910,6920,,-691,-0.0474,,,
810,6900,6910,,-690,-0.0472,,,
811,6890,6900,,-689,-0.0471,,,
812,6880,6890,,-688,-0.0470,,,
813,6870,6880,,-687,-0.0468,,,
814,6860,6870,,-686,-0.0467,,,
815,6850,6860,,-685,-0.0465,,,
816,6840,6850,,-684,-0.0464,,,
817,6830,6840,,-683,-0.0462,,,
818,6820,6830,,-682,-0.0461,,,
819,6810,6820,,-681,-0.0459,,,
820,6800,6810,,-680,-0.0458,,,
821,6790,6800,,-679,-0.0456,,,
822,6780,6790,,-678,-0.0455,,,
823,6770,6780,,-677,-0.0453,,,
824,6760,6770,,-676,-0.0452,,,
825,6750,6760,,-675,-0.0450,,,
826,6740,6750,,-674,-0.0449,,,
827,6730,6740,,-673,-0.0448,,,
828,6720,6730,,-672,-0.0446,,,
829,6710,6720,,-671,-0.0445,,,
830,6700,6710,,-670,-0.0443,,,
831,6690,6700,,-669,-0.0442,,,
832,6680,6690,,-668,-0.0440,,,
833,6670,6680,,-667,-0.0439,,,
834,6660,6670,,-666,-0.0437,,,
835,6650,6660,,-665,-0.0436,,,
836,6640,6650,,-664,-0.0434,,,
837,6630,6640,,-663,-0.0433,,,
838,6620,6630,,-662,-0.0431,,,
839,6610,6620,,-661,-0.0430,,,
840,6600,6610,,-660,-0.0428,,,
841,6590,6600,,-659,-0.0426,,,
842,6580,6590,,-658,-0.0425,,,
843,6570,6580,,-657,-0.0423,,,
844,6560,6570,,-656,-0.0422,,,
845,6550,6560,,-655,-0.0420,,,
846,6540,6550,,-654,-0.0419,,,
847,6530,6540,,-653,-0.0417,,,
848,6520,6530,,-652,-0.0416,,,
849,6510,6520,,-651,-0.0414,,,
850,6500,6510,,-650,-0.0413,,,
851,6490,6500,,-649,-0.0411,,,
852,6480,6490,,-648,-0.0410,,,
853,6470,6480,,-647,-0.0408,,,
854,6460,6470,,-646,-0.0407,,,
855,6450,6460,,-645,-0.0405,,,
856,6440,6450,,-644,-0.0403,,,
857,6430,6440,,-643,-0.0402,,,
858,6420,6430,,-642,-0.0400,,,
859,6410,6420,,-641,-0.0399,,,
860,6400,6410,,-640,-0.0397,,,
861,6390,6400,,-639,-0.0396,,,
862,6380,6390,,-638,-0.0394,,,
863,6370,6380,,-637,-0.0393,,,
864,6360,6370,,-636,-0.0391,,,
865,6350,6360,,-635,-0.0389,,,
866,6340,6350,,-634,-0.0388,,,
867,6330,6340,,-633,-0.0386,,,
868,6320,6330,,-632,-0.0385,,,
869,6310,6320,,-631,-0.0383,,,
870,6300,6310,,-630,-0.0381,,,
871,6290,6300,,-629,-0.0380,,,
872,6280,6290,,-628,-0.0378,,,
873,6270,6280,,-627,-0.0377,,,
874,6260,6270,,-626,-0.0375,,,
875,6250,6260,,-625,-0.0373,,,
876,6240,6250,,-624,-0.0372,,,
877,6230,6240,,-623,-0.0370,,,
878,6220,6230,,-622,-0.0369,,,
879,6210,6220,,-621,-0.0367,,,
880,6200,6210,,-620,-0.0365,,,
881,6190,6200,,-619,-0.0364,,,
882,6180,6190,,-618,-0.0362,,,
883,6170,6180,,-617,-0.0361,,,
884,6160,6170,,-616,-0.0359,,,
885,6150,6160,,-615,-0.0357,,,
886,6140,6150,,-614,-0.0356,,,
887,6130,6140,,-613,-0.0354,,,
888,6120,6130,,-612,-0.0352,,,
889,6110,6120,,-611,-0.0351,,,
890,6100,6110,,-610,-0.0349,,,
891,6090,6100,,-609,-0.0348,,,
892,6080,6090,,-608,-0.0346,,,
893,6070,6080,,-607,-0.0344,,,
894,6060,6070,,-606,-0.0343,,,
895,6050,6060,,-605,-0.0341,,,
896,6040,6050,,-604,-0.0339,,,
897,6030,6040,,-603,-0.0338,,,
898,6020,6030,,-602,-0.0336,,,
899,6010,6020,,-601,-0.0334,,,
900,6000,6010,,-600,-0.0333,,,
901,5990,6000,,-599,-0.0331,,,
902,5980,5990,,-598,-0.0329,,,
903,5970,5980,,-597,-0.0328,,,
904,5960,5970,,-596,-0.0326,,,
905,5950,5960,,-595,-0.0324,,,
906,5940,5950,,-594,-0.0323,,,
907,5930,5940,,-593,-0.0321,,,
908,5920,5930,,-592,-0.0319,,,
909,5910,5920,,-591,-0.0317,,,
910,5900,5910,,-590,-0.0316,,,
911,5890,5900,,-589,-0.0314,,,
912,5880,5890,,-588,-0.0312,,,
913,5870,5880,,-587,-0.0311,,,
914,5860,5870,,-586,-0.0309,,,
915,5850,5860,,-585,-0.0307,,,
916,5840,5850,,-584,-0.0306,,,
917,5830,5840,,-583,-0.0304,,,
918,5820,5830,,-582,-0.0302,,,
919,5810,5820,,-581,-0.0300,,,
920,5800,5810,,-580,-0.0299,,,
921,5790,5800,,-579,-0.0297,,,
922,5780,5790,,-578,-0.0295,,,
923,5770,5780,,-577,-0.0293,,,
924,5760,5770,,-576,-0.0292,,,
925,5750,5760,,-575,-0.0290,,,
926,5740,5750,,-574,-0.0288,,,
927,5730,5740,,-573,-0.0287,,,
928,5720,5730,,-572,-0.0285,,,
929,5710,5720,,-571,-0.0283,,,
930,5700,5710,,-570,-0.0281,,,
931,5690,5700,,-569,-0.0280,,,
932,5680,5690,,-568,-0.0278,,,
933,5670,5680,,-567,-0.0276,,,
934,5660,5670,,-566,-0.0274,,,
935,5650,5660,,-565,-0.0272,,,
936,5640,5650,,-564,-0.0271,,,
937,5630,5640,,-563,-0.0269,,,
938,5620,5630,,-562,-0.0267,,,
939,5610,5620,,-561,-0.0265,,,
940,5600,5610,,-560,-0.0264,,,
941,5590,5600,,-559,-0.0262,,,
942,5580,5590,,-558,-0.0260,,,
943,5570,5580,,-557,-0.0258,,,
944,5560,5570,,-556,-0.0256,,,
945,5550,5560,,-555,-0.0255,,,
946,5540,5550,,-554,-0.0253,,,
947,5530,5540,,-553,-0.0251,,,
948,5520,5530,,-552,-0.0249,,,
949,5510,5520,,-551,-0.0247,,,
950,5500,5510,,-550,-0.0246,,,
951,5490,5500,,-549,-0.0244,,,
952,5480,5490,,-548,-0.0242,,,
953,5470,5480,,-547,-0.0240,,,
954,5460,5470,,-546,-0.0238,,,
955,5450,5460,,-545,-0.0236,,,
956,5440,5450,,-544,-0.0235,,,
957,5430,5440,,-543,-0.0233,,,
958,5420,5430,,-542,-0.0231,,,
959,5410,5420,,-541,-0.0229,,,
960,5400,5410,,-540,-0.0227,,,
961,5390,5400,,-539,-0.0225,,,
962,5380,5390,,-538,-0.0223,,,
963,5370,5380,,-537,-0.0222,,,
964,5360,5370,,-536,-0.0220,,,
965,5350,5360,,-535,-0.0218,,,
966,5340,5350,,-534,-0.0216,,,
967,5330,5340,,-533,-0.0214,,,
968,5320,5330,,-532,-0.0212,,,
969,5310,5320,,-531,-0.0210,,,
970,5300,5310,,-530,-0.0208,,,
971,5290,5300,,-529,-0.0207,,,
972,5280,5290,,-528,-0.0205,,,
973,5270,5280,,-527,-0.0203,,,
974,5260,5270,,-526,-0.0201,,,
975,5250,5260,,-525,-0.0199,,,
976,5240,5250,,-524,-0.0197,,,
977,5230,5240,,-523,-0.0195,,,
978,5220,5230,,-522,-0.0193,,,
979,5210,5220,,-521,-0.0191,,,
980,5200,5210,,-520,-0.0189,,,
981,5190,5200,,-519,-0.0187,,,
982,5180,5190,,-518,-0.0186,,,
983,5170,5180,,-517,-0.0184,,,
984,5160,5170,,-516,-0.0182,,,
985,5150,5160,,-515,-0.0180,,,
986,5140,5150,,-514,-0.0178,,,
987,5130,5140,,-513,-0.0176,,,
988,5120,5130,,-512,-0.0174,,,
989,5110,5120,,-511,-0.0172,,,
990,5100,5110,,-510,-0.0170,,,
991,5090,5100,,-509,-0.0168,,,
992,5080,5090,,-508,-0.0166,,,
993,5070,5080,,-507,-0.0164,,,
994,5060,5070,,-506,-0.0162,,,
995,5050,5060,,-505,-0.0160,,,
996,5040,5050,,-504,-0.0158,,,
997,5030,5040,,-503,-0.0156,,,
998,5020,5030,,-502,-0.0154,,,
999,5010,5020,,-501,-0.0152,,,
1000,5000,5010,,-500,-0.0150,,,
1001,4990,5000,,-499,-0.0148,,,
1002,4980,4990,,-498,-0.0146,,,
1003,4970,4980,,-497,-0.0144,,,
1004,4960,4970,,-496,-0.0142,,,
1005,4950,4960,,-495,-0.0140,,,
1006,4940,4950,,-494,-0.0138,,,
1007,4930,4940,,-493,-0.0136,,,
1008,4920,4930,,-492,-0.0134,,,
1009,4910,4920,,-491,-0.0132,,,
1010,4900,4910,,-490,-0.0130,,,
1011,4890,4900,,-489,-0.0128,,,
1012,4880,4890,,-488,-0.0126,,,
1013,4870,4880,,-487,-0.0124,,,
1014,4860,4870,,-486,-0.0122,,,
1015,4850,4860,,-485,-0.0120,,,
1016,4840,4850,,-484,-0.0118,,,
1017,4830,4840,,-483,-0.0116,,,
1018,4820,4830,,-482,-0.0113,,,
1019,4810,4820,,-481,-0.0111,,,
1020,4800,4810,,-480,-0.0109,,,
1021,4790,4800,,-479,-0.0107,,,
1022,4780,4790,,-478,-0.0105,,,
1023,4770,4780,,-477,-0.0103,,,
1024,4760,4770,,-476,-0.0101,,,
1025,4750,4760,,-475,-0.0099,,,
1026,4740,4750,,-474,-0.0097,,,
1027,4730,4740,,-473,-0.0095,,,
1028,4720,4730,,-472,-0.0092,,,
1029,4710,4720,,-471,-0.0090,,,
1030,4700,4710,,-470,-0.0088,,,
1031,4690,4700,,-469,-0.0086,,,
1032,4680,4690,,-468,-0.0084,,,
1033,4670,4680,,-467,-0.0082,,,
1034,4660,4670,,-466,-0.0080,,,
1035,4650,4660,,-465,-0.0077,,,
1036,4640,4650,,-464,-0.0075,,,
1037,4630,4640,,-463,-0.0073,,,
1038,4620,4630,,-462,-0.0071,,,
1039,4610,4620,,-461,-0.0069,,,
1040,4600,4610,,-460,-0.0067,,,
1041,4590,4600,,-459,-0.0064,,,
1042,4580,4590,,-458,-0.0062,,,
1043,4570,4580,,-457,-0.0060,,,
1044,4560,4570,,-456,-0.0058,,,
1045,4550,4560,,-455,-0.0056,,,
1046,4540,4550,,-454,-0.0054,,,
1047,4530,4540,,-453,-0.0051,,,
1048,4520,4530,,-452,-0.0049,,,
1049,4510,4520,,-451,-0.0047,,,
1050,4500,4510,,-450,-0.0045,,,
1051,4490,4500,,-449,-0.0042,,,
1052,4480,4490,,-448,-0.0040,,,
1053,4470,4480,,-447,-0.0038,,,
1054,4460,4470,,-446,-0.0036,,,
1055,4450,4460,,-445,-0.0033,,,
1056,4440,4450,,-444,-0.0031,,,
1057,4430,4440,,-443,-0.0029,,,
1058,4420,4430,,-442,-0.0027,,,
1059,4410,4420,,-441,-0.0024,,,
1060,4400,4410,,-440,-0.0022,,,
1061,4390,4400,,-439,-0.0020,,,
1062,4380,4390,,-438,-0.0018,,,
1063,4370,4380,,-437,-0.0015,,,
1064,4360,4370,,-436,-0.0013,,,
1065,4350,4360,,-435,-0.0011,,,
1066,4340,4350,,-434,-0.0008,,,
1067,4330,4340,,-433,-0.0006,,,
1068,4320,4330,,-432,-0.0004,,,
1069,4310,4320,,-431,-0.0001,,,
1070,4300,4310,,-430,0.0001,,,
1071,4290,4300,,-429,0.0003,,,
1072,4280,4290,,-428,0.0006,,,
1073,4270,4280,,-427,0.0008,,,
1074,4260,4270,,-426,0.0010,,,
1075,4250,4260,,-425,0.0013,,,
1076,4240,4250,,-424,0.0015,,,
1077,4230,4240,,-423,0.0017,,,
1078,4220,4230,,-422,0.0020,,,
1079,4210,4220,,-421,0.0022,,,
1080,4200,4210,,-420,0.0024,,,
1081,4190,4200,,-419,0.0027,,,
1082,4180,4190,,-418,0.0029,,,
1083,4170,4180,,-417,0.0032,,,
1084,4160,4170,,-416,0.0034,,,
1085,4150,4160,,-415,0.0036,,,
1086,4140,4150,,-414,0.0039,,,
1087,4130,4140,,-413,0.0041,,,
1088,4120,4130,,-412,0.0044,,,
1089,4110,4120,,-411,0.0046,,,
1090,4100,4110,,-410,0.0049,,,
1091,4090,4100,,-409,0.0051,,,
1092,4080,4090,,-408,0.0053,,,
1093,4070,4080,,-407,0.0056,,,
1094,4060,4070,,-406,0.0058,,,
1095,4050,4060,,-405,0.0061,,,
1096,4040,4050,,-404,0.0063,,,
1097,4030,4040,,-403,0.0066,,,
1098,4020,4030,,-402,0.0068,,,
1099,4010,4020,,-401,0.0071,,,
1100,4000,4010,,-400,0.0073,,,
